[
    {
        "id": 1,
        "name": "Tern", 
        "company": "Innova", 
        "type": "Driver",
        "speed": 12, 
        "glide": 6, 
        "turn": -3, 
        "fade": 2, 
        "image": "https://varuste.net/tiedostot/1/kuva/tuote/600/12706439.jpg"
    },
    {
        "id": 2,
        "name": "Destroyer", 
        "company": "Innova", 
        "type": "Driver",
        "speed": 12, 
        "glide": 5, 
        "turn": -1, 
        "fade": 3,
        "image": "https://img.powergrip.fi/products/stdestrw2x/stdestrw2x.jpg?Pbx7twUJwyDEeB9N" 
    },
    {
        "id": 3,
        "name": "Corvette", 
        "company": "Innova", 
        "type": "Driver",
        "speed": 14, 
        "glide": 6, 
        "turn": -2, 
        "fade": 2,
        "image": "https://frisbeemarket.com/wp-content/uploads/2019/03/corvette_star-stockrun.png" 
    },
    {
        "id": 4,
        "name": "Teebird3", 
        "company": "Innova", 
        "type": "Fairway Driver",
        "speed": 8, 
        "glide": 4, 
        "turn": 0, 
        "fade": 2,
        "image": "https://www.innovastore.fi/tuotekuvat/600x600/Star_Teebird3.png" 
    },
    {
        "id": 5,
        "name": "DX Aviar", 
        "company": "Innova", 
        "type": "Putter",
        "speed": 2, 
        "glide": 3, 
        "turn": 0, 
        "fade": 1,
        "image": "https://media.hintaseuranta.fi/prod/i26319141w2000h2000.jpg" 
    },
    {
        "id": 6,
        "name": "DX Shark", 
        "company": "Innova", 
        "type": "Midrange",
        "speed": 4, 
        "glide": 4, 
        "turn": 0, 
        "fade": 2,
        "image": "https://cdn11.bigcommerce.com/s-yt68tfv9/images/stencil/2000x2000/products/300/33614/959-1a__15243.1631644883.jpg?c=2" 
    },
    {
        "id": 7,
        "name": "Geo Origin", 
        "company": "Discmania Evolution", 
        "type": "Midrange",
        "speed": 5, 
        "glide": 5, 
        "turn": -1, 
        "fade": 1,
        "image": "https://www.hockeylahti.fi/wp-content/uploads/2021/03/GEO-ORIGIN.jpg" 
    },
    {
        "id": 8,
        "name": "Method", 
        "company": "Discmania Evolution", 
        "type": "Midrange",
        "speed": 5, 
        "glide": 5, 
        "turn": 0, 
        "fade": 3,
        "image": "https://img.powergrip.fi/products/evnemeth/evnemeth.jpg?vjyIddmwpbmHt21z" 
    },
    {
        "id": 9,
        "name": "XT Nova", 
        "company": "Innova", 
        "type": "Putter",
        "speed": 2, 
        "glide": 3, 
        "turn": 0, 
        "fade": 0,
        "image": "https://frisbeemarket.com/wp-content/uploads/2021/10/innova_nova_600.png" 
    },
    {
        "id": 10,
        "name": "Maestro", 
        "company": "Discmania", 
        "type": "Midrange",
        "speed": 4, 
        "glide": 3, 
        "turn": 0, 
        "fade": 2, 
        "image": "https://img.powergrip.fi/products/aprmaes/aprmaes.jpg?drH339d26mspiNfi"
    },
    {
        "id": 11,
        "name": "MD2", 
        "company": "Discmania", 
        "type": "Midrange",
        "speed": 5, 
        "glide": 5, 
        "turn": 0, 
        "fade": 1, 
        "image": "https://varuste.net/tiedostot/1/kuva/tuote/600/12762340.jpg"
    },
    {
        "id": 12,
        "name": "Link", 
        "company": "Discmania Evolution", 
        "type": "Putter",
        "speed": 2, 
        "glide": 3, 
        "turn": 0, 
        "fade": 1, 
        "image": "https://img.powergrip.fi/products/evfexlink/evfexlink.jpg?1QK0nlDpwF3tD5IQ"
    },
    {
        "id": 13,
        "name": "Sensei", 
        "company": "Discmania Evolution", 
        "type": "Putter",
        "speed": 3, 
        "glide": 3, 
        "turn": 0, 
        "fade": 1, 
        "image": "https://d3d4to3qraukqq.cloudfront.net/pub/Lajittelemattomat+tuotekuvat/DISCMANIA_DISC_ACTIVE_PREMIUM_SENSEI_-_PUTTER_56540973-2.jpg?c=system_1024x"
    },
    {
        "id": 14,
        "name": "Logic", 
        "company": "Discmania Evolution", 
        "type": "Putter",
        "speed": 3, 
        "glide": 3, 
        "turn": 0, 
        "fade": 1, 
        "image": "https://cdn.shopify.com/s/files/1/0005/7779/8204/products/DM_Evolution_Logic_Grey_WBG_2048x2048.jpg?v=1623178621"
    },
    {
        "id": 15,
        "name": "Ballista", 
        "company": "Latitude 64", 
        "type": "Driver",
        "speed": 14, 
        "glide": 5, 
        "turn": -1, 
        "fade": 3, 
        "image": "https://img.karkkainen.com/images/c_pad,f_auto,h_720,q_auto,w_650/v1/tuotekuvat/7330056037181/latitude-64-ballista-retro-draiveri.jpg"
    },
    {
        "id": 16,
        "name": "Bolt", 
        "company": "Latitude", 
        "type": "Driver",
        "speed": 13, 
        "glide": 6, 
        "turn": -2, 
        "fade": 3, 
        "image": "https://www.latitude64.se/wp-content/uploads/2019/04/Opto-Bolt-Turqois-1030x1030.jpg"
    },
    {
        "id": 17,
        "name": "Halo", 
        "company": "Latitude 64", 
        "type": "Driver",
        "speed": 13, 
        "glide": 5, 
        "turn": -0.5, 
        "fade": 3, 
        "image": "https://www.frisbeeshop.com/media/catalog/product/cache/2/image/1000x/040ec09b1e35df139433887a97daa66f/l/a/latitude-64-opto-halo.jpg"
    }

]